,ds,trend,yhat_lower,yhat_upper,trend_lower,trend_upper,additive_terms,additive_terms_lower,additive_terms_upper,yearly,yearly_lower,yearly_upper,multiplicative_terms,multiplicative_terms_lower,multiplicative_terms_upper,yhat
0,2015-03-31,8102.5732917,7321.906044850297,10345.26477533768,8102.5732917,8102.5732917,756.3482673983226,756.3482673983226,756.3482673983226,756.3482673983226,756.3482673983226,756.3482673983226,0.0,0.0,0.0,8858.921559098322
1,2015-04-30,8491.04551456017,7251.114492039564,10160.70269340687,8491.04551456017,8491.04551456017,230.39813209408692,230.39813209408692,230.39813209408692,230.39813209408692,230.39813209408692,230.39813209408692,0.0,0.0,0.0,8721.443646654257
2,2015-05-31,8892.466811515676,6981.449063603868,9999.515691517423,8892.466811515676,8892.466811515676,-343.5651598023795,-343.5651598023795,-343.5651598023795,-343.5651598023795,-343.5651598023795,-343.5651598023795,0.0,0.0,0.0,8548.901651713297
3,2015-06-30,9280.939034375848,7461.097792527831,10295.024928994519,9280.939034375848,9280.939034375848,-416.6775021909153,-416.6775021909153,-416.6775021909153,-416.6775021909153,-416.6775021909153,-416.6775021909153,0.0,0.0,0.0,8864.261532184932
4,2015-07-31,9682.360333786191,9048.037639991011,11985.60272790545,9682.360333786191,9682.360333786191,815.9674739595432,815.9674739595432,815.9674739595432,815.9674739595432,815.9674739595432,815.9674739595432,0.0,0.0,0.0,10498.327807745734
5,2015-08-31,10083.781633196539,8276.597897543767,11151.21641954821,10083.781633196539,10083.781633196539,-203.40526913338084,-203.40526913338084,-203.40526913338084,-203.40526913338084,-203.40526913338084,-203.40526913338084,0.0,0.0,0.0,9880.376364063159
6,2015-09-30,10472.25385843236,9193.73869472244,12173.454542171816,10472.25385843236,10472.25385843236,247.88273772911992,247.88273772911992,247.88273772911992,247.88273772911992,247.88273772911992,247.88273772911992,0.0,0.0,0.0,10720.13659616148
7,2015-10-31,10873.675161056923,8767.724131009169,11792.511396278127,10873.675161056923,10873.675161056923,-565.0743379216273,-565.0743379216273,-565.0743379216273,-565.0743379216273,-565.0743379216273,-565.0743379216273,0.0,0.0,0.0,10308.600823135295
8,2015-11-30,11262.147389403275,9164.458741834533,12260.630029156358,11262.147389403275,11262.147389403275,-542.1696865474764,-542.1696865474764,-542.1696865474764,-542.1696865474764,-542.1696865474764,-542.1696865474764,0.0,0.0,0.0,10719.977702855798
9,2015-12-31,11663.568692027839,10908.45847741544,13841.587016985031,11663.568692027839,11663.568692027839,724.9628334223926,724.9628334223926,724.9628334223926,724.9628334223926,724.9628334223926,724.9628334223926,0.0,0.0,0.0,12388.531525450231
10,2016-01-31,12064.989993796547,10634.612327905048,13672.882865889464,12064.989993796547,12064.989993796547,35.04958665971837,35.04958665971837,35.04958665971837,35.04958665971837,35.04958665971837,35.04958665971837,0.0,0.0,0.0,12100.039580456265
11,2016-02-29,12440.513147064048,10768.259150391785,13776.146629425648,12440.513147064048,12440.513147064048,-210.10366602021114,-210.10366602021114,-210.10366602021114,-210.10366602021114,-210.10366602021114,-210.10366602021114,0.0,0.0,0.0,12230.409481043836
12,2016-03-31,12841.934448832759,11210.92046552584,14134.773050255706,12841.934448832759,12841.934448832759,-213.74761756369836,-213.74761756369836,-213.74761756369836,-213.74761756369836,-213.74761756369836,-213.74761756369836,0.0,0.0,0.0,12628.18683126906
13,2016-04-30,13230.753233993957,11664.145587015857,14583.66409710545,13230.753233993957,13230.753233993957,-25.57889105241214,-25.57889105241214,-25.57889105241214,-25.57889105241214,-25.57889105241214,-25.57889105241214,0.0,0.0,0.0,13205.174342941546
14,2016-05-31,13632.532645327197,11326.099444618554,14126.36106093881,13632.532645327197,13632.532645327197,-895.3197534059528,-895.3197534059528,-895.3197534059528,-895.3197534059528,-895.3197534059528,-895.3197534059528,0.0,0.0,0.0,12737.212891921245
15,2016-06-30,14021.351430488396,13048.229170711256,15919.560417504665,14021.351430488396,14021.351430488396,362.9500505774524,362.9500505774524,362.9500505774524,362.9500505774524,362.9500505774524,362.9500505774524,0.0,0.0,0.0,14384.301481065848
16,2016-07-31,14423.628968087958,14152.33769776149,17199.25038269814,14423.628968087958,14423.628968087958,1210.6134272483362,1210.6134272483362,1210.6134272483362,1210.6134272483362,1210.6134272483362,1210.6134272483362,0.0,0.0,0.0,15634.242395336294
17,2016-08-31,14825.90650568752,13236.136790692266,16026.67010282532,14825.90650568752,14825.90650568752,-132.05612404298495,-132.05612404298495,-132.05612404298495,-132.05612404298495,-132.05612404298495,-132.05612404298495,0.0,0.0,0.0,14693.850381644535
18,2016-09-30,15215.207348525804,13406.488548673355,16327.403039533086,15215.207348525804,15215.207348525804,-372.4051116603126,-372.4051116603126,-372.4051116603126,-372.4051116603126,-372.4051116603126,-372.4051116603126,0.0,0.0,0.0,14842.802236865491
19,2016-10-31,15617.992365892404,13773.559640679894,16791.646671482744,15617.992365892404,15617.992365892404,-334.94577381025863,-334.94577381025863,-334.94577381025863,-334.94577381025863,-334.94577381025863,-334.94577381025863,0.0,0.0,0.0,15283.046592082144
20,2016-11-30,16007.78431818266,13878.123154154002,16978.783514680184,16007.78431818266,16007.78431818266,-542.8308288249892,-542.8308288249892,-542.8308288249892,-542.8308288249892,-542.8308288249892,-542.8308288249892,0.0,0.0,0.0,15464.95348935767
21,2016-12-31,16410.56933554926,14704.38854508038,17781.443353977404,16410.56933554926,16410.56933554926,-118.10938509223182,-118.10938509223182,-118.10938509223182,-118.10938509223182,-118.10938509223182,-118.10938509223182,0.0,0.0,0.0,16292.459950457027
22,2017-01-31,16813.449526380926,15916.778896131453,18808.021285725743,16813.449526380926,16813.449526380926,635.9332529937524,635.9332529937524,635.9332529937524,635.9332529937524,635.9332529937524,635.9332529937524,0.0,0.0,0.0,17449.38277937468
23,2017-02-28,17177.34131164824,15143.677211350638,18046.699079750906,17177.34131164824,17177.34131164824,-546.5751631431502,-546.5751631431502,-546.5751631431502,-546.5751631431502,-546.5751631431502,-546.5751631431502,0.0,0.0,0.0,16630.766148505092
24,2017-03-31,17580.221502479908,16154.665123709292,19090.47881768322,17580.221502479908,17580.221502479908,101.98728289166752,101.98728289166752,101.98728289166752,101.98728289166752,101.98728289166752,101.98728289166752,0.0,0.0,0.0,17682.208785371575
25,2017-04-30,17970.105556620103,16568.78804941298,19525.77078691335,17970.105556620103,17970.105556620103,61.644149375885284,61.644149375885284,61.644149375885284,61.644149375885284,61.644149375885284,61.644149375885284,0.0,0.0,0.0,18031.74970599599
26,2017-05-31,18372.9857458983,16187.160481956469,19104.89504471431,18372.9857458983,18372.9857458983,-705.1721539210979,-705.1721539210979,-705.1721539210979,-705.1721539210979,-705.1721539210979,-705.1721539210979,0.0,0.0,0.0,17667.8135919772
27,2017-06-30,18762.869800038494,17320.42281667828,20291.511840289935,18762.869800038494,18762.869800038494,108.06677417452235,108.06677417452235,108.06677417452235,108.06677417452235,108.06677417452235,108.06677417452235,0.0,0.0,0.0,18870.936574213018
28,2017-07-31,19165.749992908077,18783.449834001218,21716.713882566066,19165.749992908077,19165.749992908077,1076.381839120019,1076.381839120019,1076.381839120019,1076.381839120019,1076.381839120019,1076.381839120019,0.0,0.0,0.0,20242.131832028095
29,2017-08-31,19568.630185777663,17922.70950295249,20803.80161962455,19568.630185777663,19568.630185777663,-161.6787944784272,-161.6787944784272,-161.6787944784272,-161.6787944784272,-161.6787944784272,-161.6787944784272,0.0,0.0,0.0,19406.951391299237
30,2017-09-30,19958.51424339339,18302.89965457759,21226.540257916047,19958.51424339339,19958.51424339339,-166.1802173957013,-166.1802173957013,-166.1802173957013,-166.1802173957013,-166.1802173957013,-166.1802173957013,0.0,0.0,0.0,19792.33402599769
31,2017-10-31,20361.39443080124,18238.26035295521,21408.39878629595,20361.39443080124,20361.39443080124,-410.04678702713755,-410.04678702713755,-410.04678702713755,-410.04678702713755,-410.04678702713755,-410.04678702713755,0.0,0.0,0.0,19951.3476437741
32,2017-11-30,20751.278483131417,18770.84370729495,21671.609435309347,20751.278483131417,20751.278483131417,-545.2149994331455,-545.2149994331455,-545.2149994331455,-545.2149994331455,-545.2149994331455,-545.2149994331455,0.0,0.0,0.0,20206.06348369827
33,2017-12-31,21154.158670539266,19657.54862306439,22795.95072752859,21154.158670539266,21154.158670539266,167.6588648678828,167.6588648678828,167.6588648678828,167.6588648678828,167.6588648678828,167.6588648678828,0.0,0.0,0.0,21321.81753540715
34,2018-01-31,21556.97759597771,20513.513982841483,23493.584124301673,21556.97759597771,21556.97759597771,443.9000182013209,443.9000182013209,443.9000182013209,443.9000182013209,443.9000182013209,443.9000182013209,0.0,0.0,0.0,22000.877614179033
35,2018-02-28,21920.81404476082,19499.603376113773,22468.655919258657,21920.81404476082,21920.81404476082,-874.6504677870546,-874.6504677870546,-874.6504677870546,-874.6504677870546,-874.6504677870546,-874.6504677870546,0.0,0.0,0.0,21046.163576973766
36,2018-03-31,22323.63297019926,21256.690131951957,24251.061464482023,22323.63297019926,22323.63297019926,425.4585824318822,425.4585824318822,425.4585824318822,425.4585824318822,425.4585824318822,425.4585824318822,0.0,0.0,0.0,22749.091552631144
37,2018-04-30,22713.16522012777,21240.371691373977,24300.840758039558,22713.16522012777,22713.16522012777,147.05111821236903,147.05111821236903,147.05111821236903,147.05111821236903,147.05111821236903,147.05111821236903,0.0,0.0,0.0,22860.21633834014
38,2018-05-31,23115.68187838722,21088.60301763046,24082.714804106865,23115.68187838722,23115.68187838722,-521.1909570450692,-521.1909570450692,-521.1909570450692,-521.1909570450692,-521.1909570450692,-521.1909570450692,0.0,0.0,0.0,22594.49092134215
39,2018-06-30,23494.2000483189,21887.31391142685,24785.998356696804,23494.2000483189,23494.2000483189,-151.9085258827822,-151.9085258827822,-151.9085258827822,-151.9085258827822,-151.9085258827822,-151.9085258827822,0.0,0.0,0.0,23342.291522436117
40,2018-07-31,23885.335490581638,23338.28557746727,26277.98433483001,23885.335490581638,23885.335490581638,944.7526698152815,944.7526698152815,944.7526698152815,944.7526698152815,944.7526698152815,944.7526698152815,0.0,0.0,0.0,24830.088160396917
41,2018-08-31,24276.47093284438,22562.208436602938,25569.94734865337,24276.47093284438,24276.47093284438,-185.47329645139425,-185.47329645139425,-185.47329645139425,-185.47329645139425,-185.47329645139425,-185.47329645139425,0.0,0.0,0.0,24090.997636392985
42,2018-09-30,24654.908414383226,23223.677587710183,26305.45294575582,24654.908414383226,24654.908414383226,40.65574207995748,40.65574207995748,40.65574207995748,40.65574207995748,40.65574207995748,40.65574207995748,0.0,0.0,0.0,24695.564156463184
43,2018-10-31,25045.960478640045,23013.543283207582,26053.300980773238,25045.960478640045,25045.960478640045,-486.7618912146937,-486.7618912146937,-486.7618912146937,-486.7618912146937,-486.7618912146937,-486.7618912146937,0.0,0.0,0.0,24559.19858742535
44,2018-11-30,25424.397960178892,23382.11492351774,26402.416231412077,25424.397960178892,25424.397960178892,-544.9706131917343,-544.9706131917343,-544.9706131917343,-544.9706131917343,-544.9706131917343,-544.9706131917343,0.0,0.0,0.0,24879.42734698716
45,2018-12-31,25815.358066770154,24831.98565638147,27671.96004829274,25815.358066770154,25815.358066770154,448.7707911879335,448.7707911879335,448.7707911879335,448.7707911879335,448.7707911879335,448.7707911879335,0.0,0.0,0.0,26264.128857958087
46,2019-01-31,26206.318173361407,25082.72962416087,28108.834825472546,26206.318173361407,26206.318173361407,243.519522477184,243.519522477184,243.519522477184,243.519522477184,243.519522477184,243.519522477184,0.0,0.0,0.0,26449.837695838592
47,2019-02-28,26559.443430927706,23943.631531591243,26862.74181978486,26559.443430927706,26559.443430927706,-1193.9749941514788,-1193.9749941514788,-1193.9749941514788,-1193.9749941514788,-1193.9749941514788,-1193.9749941514788,0.0,0.0,0.0,25365.468436776227
48,2019-03-31,26950.403537543065,26261.60448890655,29127.119907029974,26950.403537543065,26950.403537543065,756.3482673949645,756.3482673949645,756.3482673949645,756.3482673949645,756.3482673949645,756.3482673949645,0.0,0.0,0.0,27706.75180493803
49,2019-04-30,27328.752027815986,26007.745285095978,29048.720820096954,27328.752027815986,27328.752027815986,230.39813209323646,230.39813209323646,230.39813209323646,230.39813209323646,230.39813209323646,230.39813209323646,0.0,0.0,0.0,27559.150159909223
50,2019-05-31,27719.712134431345,25983.080392154137,28803.691131211992,27719.712134431345,27719.712134431345,-343.56515980310195,-343.56515980310195,-343.56515980310195,-343.56515980310195,-343.56515980310195,-343.56515980310195,0.0,0.0,0.0,27376.146974628242
51,2019-06-30,28098.060620065917,26111.70949459827,29144.136631965033,28098.060620065917,28098.060620065917,-416.6775021882595,-416.6775021882595,-416.6775021882595,-416.6775021882595,-416.6775021882595,-416.6775021882595,0.0,0.0,0.0,27681.383117877656
52,2019-07-31,28489.020721888322,27934.02715009383,30793.302082132697,28489.020721888322,28489.020721888322,815.9674739597802,815.9674739597802,815.9674739597802,815.9674739597802,815.9674739597802,815.9674739597802,0.0,0.0,0.0,29304.988195848102
53,2019-08-31,28879.980823710717,27197.258687954854,30214.591022225508,28879.980823710717,28879.980823710717,-203.40526913478382,-203.40526913478382,-203.40526913478382,-203.40526913478382,-203.40526913478382,-203.40526913478382,0.0,0.0,0.0,28676.575554575935
54,2019-09-30,29258.329315107192,28079.34630386835,31001.187004543397,29258.329315107192,29258.329315107192,247.88273772790612,247.88273772790612,247.88273772790612,247.88273772790612,247.88273772790612,247.88273772790612,0.0,0.0,0.0,29506.212052835097
55,2019-10-31,29649.289422883554,27665.523527095116,30545.036965624506,29649.289422883554,29649.289422883554,-565.0743379213386,-565.0743379213386,-565.0743379213386,-565.0743379213386,-565.0743379213386,-565.0743379213386,0.0,0.0,0.0,29084.215084962216
56,2019-11-30,30027.63791428003,28048.256880290115,30990.70169301612,30027.63791428003,30027.63791428003,-542.1696865481755,-542.1696865481755,-542.1696865481755,-542.1696865481755,-542.1696865481755,-542.1696865481755,0.0,0.0,0.0,29485.468227731853
57,2019-12-31,30418.59802124923,29684.62947901565,32547.0398211816,30418.59802124923,30418.59802124923,724.9628334204598,724.9628334204598,724.9628334204598,724.9628334204598,724.9628334204598,724.9628334204598,0.0,0.0,0.0,31143.56085466969
58,2020-01-31,30809.55812821843,29414.20026028861,32303.47173753266,30809.55812821843,30809.55812821843,35.049586657536295,35.049586657536295,35.049586657536295,35.049586657536295,35.049586657536295,35.049586657536295,0.0,0.0,0.0,30844.607714875965
59,2020-02-29,31175.295002479943,29455.512032847608,32463.568718882685,31175.295002479943,31175.295002479943,-210.1036660180023,-210.1036660180023,-210.1036660180023,-210.1036660180023,-210.1036660180023,-210.1036660180023,0.0,0.0,0.0,30965.19133646194
60,2020-03-31,31566.255116529006,29869.84479069742,32824.66983798818,31566.255116529006,31566.255116529006,-213.74761756587017,-213.74761756587017,-213.74761756587017,-213.74761756587017,-213.74761756587017,-213.74761756587017,0.0,0.0,0.0,31352.507498963136
61,2020-04-30,31944.603613995852,30411.941563373803,33442.921333642735,31944.603613995852,31944.603613995852,-25.57889105331342,-25.57889105331342,-25.57889105331342,-25.57889105331342,-25.57889105331342,-25.57889105331342,0.0,0.0,0.0,31919.02472294254
62,2020-05-31,32335.563728044926,29922.277773983424,32794.28002398159,32335.563728044926,32335.563728044926,-895.3197534071527,-895.3197534071527,-895.3197534071527,-895.3197534071527,-895.3197534071527,-895.3197534071527,0.0,0.0,0.0,31440.243974637775
63,2020-06-30,32713.923477649885,31679.20244106954,34606.48376281503,32713.923477649885,32713.923477649885,362.9500505770191,362.9500505770191,362.9500505770191,362.9500505770191,362.9500505770191,362.9500505770191,0.0,0.0,0.0,33076.873528226904
64,2020-07-31,33104.895218908336,32906.4246978433,35767.00934362604,33104.895218908336,33104.895218908336,1210.6134272496447,1210.6134272496447,1210.6134272496447,1210.6134272496447,1210.6134272496447,1210.6134272496447,0.0,0.0,0.0,34315.50864615798
65,2020-08-31,33495.866960166786,31842.52240298901,34826.37617200536,33495.866960166786,33495.866960166786,-132.05612404477645,-132.05612404477645,-132.05612404477645,-132.05612404477645,-132.05612404477645,-132.05612404477645,0.0,0.0,0.0,33363.81083612201
66,2020-09-30,33875.26749427672,32051.693669722998,35013.55853599426,33875.26749427672,33875.26749427672,-372.405111661581,-372.405111661581,-372.405111661581,-372.405111661581,-372.405111661581,-372.405111661581,0.0,0.0,0.0,33502.86238261514
67,2020-10-31,34267.31471285698,32381.74701615293,35317.69200495157,34267.31471285698,34267.31471285698,-334.94577381289736,-334.94577381289736,-334.94577381289736,-334.94577381289736,-334.94577381289736,-334.94577381289736,0.0,0.0,0.0,33932.368939044085
68,2020-11-30,34646.71524696691,32611.35248054905,35663.99559588578,34646.71524696691,34646.71524696691,-542.8308288237243,-542.8308288237243,-542.8308288237243,-542.8308288237243,-542.8308288237243,-542.8308288237243,0.0,0.0,0.0,34103.884418143185
69,2020-12-31,35039.61314068725,33406.95306983876,36256.65265408589,35039.61314068725,35039.61314068725,-118.10938509008677,-118.10938509008677,-118.10938509008677,-118.10938509008677,-118.10938509008677,-118.10938509008677,0.0,0.0,0.0,34921.503755597165
70,2021-01-31,35432.511034407595,34578.67794558981,37519.504073405325,35432.511034407595,35432.511034407595,635.9332529918603,635.9332529918603,635.9332529918603,635.9332529918603,635.9332529918603,635.9332529918603,0.0,0.0,0.0,36068.444287399456
71,2021-02-28,35787.38655131629,33787.3423466158,36695.16668463716,35787.38655131629,35787.38655131629,-546.575163144778,-546.575163144778,-546.575163144778,-546.575163144778,-546.575163144778,-546.575163144778,0.0,0.0,0.0,35240.81138817151
72,2021-03-31,37659.56120955993,36247.15054643096,39320.88789426218,37659.56120955993,37659.56120955993,101.98728289003468,101.98728289003468,101.98728289003468,101.98728289003468,101.98728289003468,101.98728289003468,0.0,0.0,0.0,37761.54849244996
73,2021-04-30,39471.34313689247,38098.80572276966,41027.29895599113,39471.34313689247,39471.34313689247,61.64414937375734,61.64414937375734,61.64414937375734,61.64414937375734,61.64414937375734,61.64414937375734,0.0,0.0,0.0,39532.98728626623
74,2021-05-31,41343.51779513615,39031.496653421236,42062.74703816381,41343.51779513615,41343.51779513615,-705.172153921442,-705.172153921442,-705.172153921442,-705.172153921442,-705.172153921442,-705.172153921442,0.0,0.0,0.0,40638.345641214706
75,2021-06-30,43156.332322367,41704.24007894065,44764.58247658175,43156.332322367,43156.332322367,108.06677417354612,108.06677417354612,108.06677417354612,108.06677417354612,108.06677417354612,108.06677417354612,0.0,0.0,0.0,43264.39909654055
76,2021-07-31,45029.57400050556,44680.70196350846,47655.21040607361,45029.57400050556,45029.57400050556,1076.381839121188,1076.381839121188,1076.381839121188,1076.381839121188,1076.381839121188,1076.381839121188,0.0,0.0,0.0,46105.95583962675
77,2021-08-31,46902.815678644125,45354.37501525878,48285.67834358107,46902.815678644125,46902.815678644125,-161.6787944775065,-161.6787944775065,-161.6787944775065,-161.6787944775065,-161.6787944775065,-161.6787944775065,0.0,0.0,0.0,46741.13688416662
78,2021-09-30,48715.63020587498,47069.24970413445,50103.717377748624,48715.63020587498,48715.63020587498,-166.1802173970658,-166.1802173970658,-166.1802173970658,-166.1802173970658,-166.1802173970658,-166.1802173970658,0.0,0.0,0.0,48549.449988477914
79,2021-10-31,50588.87188401354,48682.89765791138,51714.472694785225,50588.87188401354,50588.87188401354,-410.04678702896126,-410.04678702896126,-410.04678702896126,-410.04678702896126,-410.04678702896126,-410.04678702896126,0.0,0.0,0.0,50178.82509698458
80,2021-11-30,52401.68641124442,50318.75893151701,53283.83673267784,52401.68641124442,52401.68641124442,-545.2149994335624,-545.2149994335624,-545.2149994335624,-545.2149994335624,-545.2149994335624,-545.2149994335624,0.0,0.0,0.0,51856.47141181085
81,2021-12-31,54274.92808938298,52928.25242505454,55924.766587174054,54274.92808938298,54274.92808938298,167.6588648682674,167.6588648682674,167.6588648682674,167.6588648682674,167.6588648682674,167.6588648682674,0.0,0.0,0.0,54442.586954251245
82,2022-01-31,56148.16976752154,55232.07836886183,58078.59203295809,56148.16976752154,56148.16976752154,443.9000182012793,443.9000182012793,443.9000182012793,443.9000182012793,443.9000182012793,443.9000182012793,0.0,0.0,0.0,56592.06978572282
83,2022-02-28,57840.129992937,55451.36267547882,58405.84868033571,57840.129992937,57840.129992937,-874.6504677900713,-874.6504677900713,-874.6504677900713,-874.6504677900713,-874.6504677900713,-874.6504677900713,0.0,0.0,0.0,56965.479525146926
84,2022-03-31,59713.371671075576,58689.45503586698,61728.62231481023,59713.371671075576,59713.371671075576,425.4585824311973,425.4585824311973,425.4585824311973,425.4585824311973,425.4585824311973,425.4585824311973,0.0,0.0,0.0,60138.83025350677
85,2022-04-30,61526.18619830643,60208.187881087135,63186.12238465309,61526.18619830643,61526.18619830643,147.05111821320057,147.05111821320057,147.05111821320057,147.05111821320057,147.05111821320057,147.05111821320057,0.0,0.0,0.0,61673.23731651963
86,2022-05-31,63399.42787644499,61379.31556111248,64416.39191298074,63399.42787644499,63399.42787644499,-521.1909570431002,-521.1909570431002,-521.1909570431002,-521.1909570431002,-521.1909570431002,-521.1909570431002,0.0,0.0,0.0,62878.23691940189
87,2022-06-30,65212.24240367585,63527.52671378496,66519.82033075855,65212.24240367585,65212.24240367585,-151.90852588304398,-151.90852588304398,-151.90852588304398,-151.90852588304398,-151.90852588304398,-151.90852588304398,0.0,0.0,0.0,65060.33387779281
88,2022-07-31,67085.48408181441,66526.8953910946,69550.53760023507,67085.48408181441,67085.48408181441,944.7526698150274,944.7526698150274,944.7526698150274,944.7526698150274,944.7526698150274,944.7526698150274,0.0,0.0,0.0,68030.23675162945
89,2022-08-31,68958.72575995297,67323.37480638467,70162.79647627268,68958.72575995297,68958.72575995297,-185.47329645262403,-185.47329645262403,-185.47329645262403,-185.47329645262403,-185.47329645262403,-185.47329645262403,0.0,0.0,0.0,68773.25246350035
90,2022-09-30,70771.54028718386,69332.78459555647,72293.8593465517,70771.54028718386,70771.54028718386,40.65574208187035,40.65574208187035,40.65574208187035,40.65574208187035,40.65574208187035,40.65574208187035,0.0,0.0,0.0,70812.19602926573
91,2022-10-31,72644.78196532239,70762.60556822937,73618.21526319471,72644.78196532239,72644.78196532239,-486.7618912149318,-486.7618912149318,-486.7618912149318,-486.7618912149318,-486.7618912149318,-486.7618912149318,0.0,0.0,0.0,72158.02007410745
92,2022-11-30,74457.59649255326,72416.72932663719,75316.87408001255,74457.59649255326,74457.59649255326,-544.9706131929916,-544.9706131929916,-544.9706131929916,-544.9706131929916,-544.9706131929916,-544.9706131929916,0.0,0.0,0.0,73912.62587936028
93,2022-12-31,76330.83817069183,75350.87939441805,78219.9754507308,76330.83817069183,76330.83817069183,448.77079118478747,448.77079118478747,448.77079118478747,448.77079118478747,448.77079118478747,448.77079118478747,0.0,0.0,0.0,76779.60896187661
94,2023-01-31,78204.07984883038,76965.98437515656,79966.90536273475,78196.88141575143,78211.03458273615,243.5195224791718,243.5195224791718,243.5195224791718,243.5195224791718,243.5195224791718,243.5195224791718,0.0,0.0,0.0,78447.59937130955
95,2023-02-28,79896.04007424584,77303.55542036064,80169.9943671971,79854.85718515233,79939.3360434381,-1193.9749941506009,-1193.9749941506009,-1193.9749941506009,-1193.9749941506009,-1193.9749941506009,-1193.9749941506009,0.0,0.0,0.0,78702.06508009524
96,2023-03-31,81769.28175238441,81098.04863338204,83955.02834599698,81670.04772041876,81870.01742980031,756.3482673984286,756.3482673984286,756.3482673984286,756.3482673984286,756.3482673984286,756.3482673984286,0.0,0.0,0.0,82525.63001978284
97,2023-04-30,83582.09627961532,82389.51365882269,85314.17391751273,83406.97436258383,83767.55676880194,230.3981320949213,230.3981320949213,230.3981320949213,230.3981320949213,230.3981320949213,230.3981320949213,0.0,0.0,0.0,83812.49441171024
98,2023-05-31,85455.33795775384,83555.18833439438,86678.44491107362,85206.18959435947,85729.50835265983,-343.5651598031418,-343.5651598031418,-343.5651598031418,-343.5651598031418,-343.5651598031418,-343.5651598031418,0.0,0.0,0.0,85111.7727979507
99,2023-06-30,87268.15248498472,85369.38316505704,88315.53169434433,86924.5858813596,87634.4812373034,-416.6775021918283,-416.6775021918283,-416.6775021918283,-416.6775021918283,-416.6775021918283,-416.6775021918283,0.0,0.0,0.0,86851.47498279289
100,2023-07-31,89141.39416312327,88451.35900748658,91607.94754060791,88692.9116276652,89598.41793614712,815.9674739613276,815.9674739613276,815.9674739613276,815.9674739613276,815.9674739613276,815.9674739613276,0.0,0.0,0.0,89957.3616370846
101,2023-08-31,91014.63584126184,89239.7997295494,92389.85915039608,90450.22212094508,91588.24217503157,-203.40526913474622,-203.40526913474622,-203.40526913474622,-203.40526913474622,-203.40526913474622,-203.40526913474622,0.0,0.0,0.0,90811.2305721271
102,2023-09-30,92827.45036849267,91387.76436796444,94752.86875745433,92157.79138018077,93512.73869231371,247.88273772969615,247.88273772969615,247.88273772969615,247.88273772969615,247.88273772969615,247.88273772969615,0.0,0.0,0.0,93075.33310622237
103,2023-10-31,94700.69204663124,92439.63149881152,95846.56183138034,93903.62553776728,95521.60546611731,-565.074337923024,-565.074337923024,-565.074337923024,-565.074337923024,-565.074337923024,-565.074337923024,0.0,0.0,0.0,94135.61770870822
104,2023-11-30,96513.50657386215,94128.29195001056,97741.05672440426,95592.28941533834,97459.0860944934,-542.16968654796,-542.16968654796,-542.16968654796,-542.16968654796,-542.16968654796,-542.16968654796,0.0,0.0,0.0,95971.33688731419
105,2023-12-31,98386.74825200067,97244.84825639639,100987.23112162716,97291.52414136026,99479.00215005403,724.9628334208558,724.9628334208558,724.9628334208558,724.9628334208558,724.9628334208558,724.9628334208558,0.0,0.0,0.0,99111.71108542153
106,2024-01-31,100259.98993013924,98498.87027024006,102201.40772886935,99023.04592491077,101489.10015438164,35.049586659940566,35.049586659940566,35.049586659940566,35.049586659940566,35.049586659940566,35.049586659940566,0.0,0.0,0.0,100295.03951679918
107,2024-02-29,102012.37730646238,99621.58069384313,103836.1405400643,100637.07862334666,103435.01184402294,-210.1036660187321,-210.1036660187321,-210.1036660187321,-210.1036660187321,-210.1036660187321,-210.1036660187321,0.0,0.0,0.0,101802.27364044364
108,2024-03-31,103885.61898460098,101416.5218492379,105792.21761068491,102311.98436654714,105464.13589651967,-213.7476175638579,-213.7476175638579,-213.7476175638579,-213.7476175638579,-213.7476175638579,-213.7476175638579,0.0,0.0,0.0,103671.87136703712
109,2024-04-30,105698.43351183186,103405.18343774068,108032.08343961819,103985.56804253453,107457.92691669812,-25.578891053075843,-25.578891053075843,-25.578891053075843,-25.578891053075843,-25.578891053075843,-25.578891053075843,0.0,0.0,0.0,105672.85462077877
110,2024-05-31,107571.67518997038,104290.4833941555,108932.86937782013,105668.01754394734,109504.54244394327,-895.3197534063335,-895.3197534063335,-895.3197534063335,-895.3197534063335,-895.3197534063335,-895.3197534063335,0.0,0.0,0.0,106676.35543656404
111,2024-06-30,109384.48971720126,107195.59525508601,112268.05192204744,107294.94591252702,111486.03431246238,362.950050576291,362.950050576291,362.950050576291,362.950050576291,362.950050576291,362.950050576291,0.0,0.0,0.0,109747.43976777754
112,2024-07-31,111257.73139533983,109791.45802507251,115255.89585597154,108877.7180607153,113529.96914550701,1210.6134272481406,1210.6134272481406,1210.6134272481406,1210.6134272481406,1210.6134272481406,1210.6134272481406,0.0,0.0,0.0,112468.34482258797
113,2024-08-31,113130.97307347838,110131.10418626522,115924.11683734805,110558.87331819716,115602.32570139143,-132.05612404416829,-132.05612404416829,-132.05612404416829,-132.05612404416829,-132.05612404416829,-132.05612404416829,0.0,0.0,0.0,112998.9169494342
114,2024-09-30,114943.78760070923,111514.65886031969,117604.87754342837,112221.2328634385,117603.93299920004,-372.4051116628246,-372.4051116628246,-372.4051116628246,-372.4051116628246,-372.4051116628246,-372.4051116628246,0.0,0.0,0.0,114571.3824890464
115,2024-10-31,116817.02927884783,113282.27502370549,119646.69812564967,113883.21670686449,119718.0196663349,-334.9457738103821,-334.9457738103821,-334.9457738103821,-334.9457738103821,-334.9457738103821,-334.9457738103821,0.0,0.0,0.0,116482.08350503744
116,2024-11-30,118629.84380607869,114448.06490738512,121618.58974389236,115471.3114127554,121700.44079509123,-542.830828824258,-542.830828824258,-542.830828824258,-542.830828824258,-542.830828824258,-542.830828824258,0.0,0.0,0.0,118087.01297725443
117,2024-12-31,120503.08548421721,116620.69447471712,124083.95300171859,117126.87402015144,123771.69453236251,-118.1093850932297,-118.1093850932297,-118.1093850932297,-118.1093850932297,-118.1093850932297,-118.1093850932297,0.0,0.0,0.0,120384.97609912399
118,2025-01-31,122376.32716235581,119016.87218938077,126878.03473792278,118804.12781286993,125832.50919828351,635.933252994501,635.933252994501,635.933252994501,635.933252994501,635.933252994501,635.933252994501,0.0,0.0,0.0,123012.2604153503
119,2025-02-28,124068.28738777127,119357.10005811733,127471.17842265267,120234.5796172724,127799.79559251644,-546.575163146494,-546.575163146494,-546.575163146494,-546.575163146494,-546.575163146494,-546.575163146494,0.0,0.0,0.0,123521.71222462477
120,2025-03-31,125941.52906590984,121507.18809968846,130118.43118451547,121853.37287994359,129965.43564467275,101.98728289064884,101.98728289064884,101.98728289064884,101.98728289064884,101.98728289064884,101.98728289064884,0.0,0.0,0.0,126043.51634880049
121,2025-04-30,127754.34359314071,123222.82176486231,132163.82940365045,123400.63207805352,131991.4711842679,61.64414937571159,61.64414937571159,61.64414937571159,61.64414937571159,61.64414937571159,61.64414937571159,0.0,0.0,0.0,127815.98774251643
122,2025-05-31,129627.58527127924,124010.22408405213,133705.38919202186,124940.28782924043,134127.1019784736,-705.1721539206364,-705.1721539206364,-705.1721539206364,-705.1721539206364,-705.1721539206364,-705.1721539206364,0.0,0.0,0.0,128922.4131173586
123,2025-06-30,131440.3997985101,126169.1875435363,136424.58299899628,126463.76772914523,136212.2754375742,108.06677417303479,108.06677417303479,108.06677417303479,108.06677417303479,108.06677417303479,108.06677417303479,0.0,0.0,0.0,131548.46657268313
124,2025-07-31,133313.64147664869,129037.78200483725,139859.54889434646,128117.7053228872,138266.3314880398,1076.3818391218206,1076.3818391218206,1076.3818391218206,1076.3818391218206,1076.3818391218206,1076.3818391218206,0.0,0.0,0.0,134390.0233157705
125,2025-08-31,135186.88315478724,129312.79225942545,140434.33422431242,129798.99168215085,140426.3970070936,-161.678794479065,-161.678794479065,-161.678794479065,-161.678794479065,-161.678794479065,-161.678794479065,0.0,0.0,0.0,135025.20436030818
126,2025-09-30,136999.6976820181,130947.76155983249,142658.48216796573,131361.9923996924,142552.3443461832,-166.1802173962681,-166.1802173962681,-166.1802173962681,-166.1802173962681,-166.1802173962681,-166.1802173962681,0.0,0.0,0.0,136833.51746462184
127,2025-10-31,138872.93936015666,132488.32374386062,144115.9702722581,132873.74618972643,144660.9031006741,-410.04678702970904,-410.04678702970904,-410.04678702970904,-410.04678702970904,-410.04678702970904,-410.04678702970904,0.0,0.0,0.0,138462.89257312694
128,2025-11-30,140685.75388738755,133711.8093876343,146425.05519942296,134340.8610239858,146786.8014135631,-545.2149994329606,-545.2149994329606,-545.2149994329606,-545.2149994329606,-545.2149994329606,-545.2149994329606,0.0,0.0,0.0,140140.53888795458
129,2025-12-31,142558.99556552607,136017.44715507716,149590.88289639735,135900.84169838138,148943.72214914474,167.6588648682651,167.6588648682651,167.6588648682651,167.6588648682651,167.6588648682651,167.6588648682651,0.0,0.0,0.0,142726.65443039432
130,2026-01-31,144432.23724366465,137614.660515158,151912.3629701792,137431.97411301764,151156.69888423584,443.9000182008788,443.9000182008788,443.9000182008788,443.9000182008788,443.9000182008788,443.9000182008788,0.0,0.0,0.0,144876.13726186554
131,2026-02-28,146124.19746908013,137632.34443387148,152305.36786675898,138848.66157829293,153234.9427790414,-874.650467785731,-874.650467785731,-874.650467785731,-874.650467785731,-874.650467785731,-874.650467785731,0.0,0.0,0.0,145249.54700129438
132,2026-03-31,147997.43914721868,140696.56442200087,155963.38772512297,140430.98745621913,155421.46091423297,425.4585824327573,425.4585824327573,425.4585824327573,425.4585824327573,425.4585824327573,425.4585824327573,0.0,0.0,0.0,148422.89772965145
133,2026-04-30,149810.25367444957,141855.00150894755,157979.77452727084,141862.3378496799,157549.69264085087,147.05111821212034,147.05111821212034,147.05111821212034,147.05111821212034,147.05111821212034,147.05111821212034,0.0,0.0,0.0,149957.3047926617
134,2026-05-31,151683.4953525881,142693.57277840792,159244.84121531105,143443.9221811852,159764.92085167294,-521.1909570413089,-521.1909570413089,-521.1909570413089,-521.1909570413089,-521.1909570413089,-521.1909570413089,0.0,0.0,0.0,151162.3043955468
135,2026-06-30,153496.30987981896,144514.16935002993,161697.21021540262,144987.5147916765,161983.0120121769,-151.90852588335107,-151.90852588335107,-151.90852588335107,-151.90852588335107,-151.90852588335107,-151.90852588335107,0.0,0.0,0.0,153344.40135393562
136,2026-07-31,155369.55155795757,147324.8009629202,164756.9957801011,146530.58536455216,164130.6397637923,944.752669813476,944.752669813476,944.752669813476,944.752669813476,944.752669813476,944.752669813476,0.0,0.0,0.0,156314.30422777106
137,2026-08-31,157242.7932360961,147955.58301043714,166141.85527029727,148026.04675189822,166364.8349249385,-185.47329645060432,-185.47329645060432,-185.47329645060432,-185.47329645060432,-185.47329645060432,-185.47329645060432,0.0,0.0,0.0,157057.3199396455
138,2026-09-30,159055.60776332696,149591.0088000898,168276.89391859793,149712.29124917396,168537.76569756045,40.65574208276269,40.65574208276269,40.65574208276269,40.65574208276269,40.65574208276269,40.65574208276269,0.0,0.0,0.0,159096.26350540973
139,2026-10-31,160928.8494414655,150667.835509528,170078.09198874226,151159.22831355737,170734.80660273155,-486.7618912140547,-486.7618912140547,-486.7618912140547,-486.7618912140547,-486.7618912140547,-486.7618912140547,0.0,0.0,0.0,160442.08755025145
140,2026-11-30,162741.6639686964,151870.19876624778,172399.675586773,152693.24905097394,172769.68889180952,-544.9706131920217,-544.9706131920217,-544.9706131920217,-544.9706131920217,-544.9706131920217,-544.9706131920217,0.0,0.0,0.0,162196.6933555044
141,2026-12-31,164614.90564683493,154650.4027312501,175003.65362164256,154159.84019776064,174914.92886617983,448.7707911868564,448.7707911868564,448.7707911868564,448.7707911868564,448.7707911868564,448.7707911868564,0.0,0.0,0.0,165063.6764380218
142,2027-01-31,166488.1473249735,155586.0405685626,177487.17103152344,155825.61007596704,177053.29674548676,243.51952247951593,243.51952247951593,243.51952247951593,243.51952247951593,243.51952247951593,243.51952247951593,0.0,0.0,0.0,166731.66684745302
143,2027-02-28,168180.107550389,155853.11780159135,178050.11716666183,157207.5676002581,179143.1133863118,-1193.9749941514792,-1193.9749941514792,-1193.9749941514792,-1193.9749941514792,-1193.9749941514792,-1193.9749941514792,0.0,0.0,0.0,166986.1325562375
144,2027-03-31,170053.34922852754,159103.98351245176,181977.79169843366,158654.8953780027,181326.86222821483,756.3482673956722,756.3482673956722,756.3482673956722,756.3482673956722,756.3482673956722,756.3482673956722,0.0,0.0,0.0,170809.6974959232
145,2027-04-30,171866.1637557584,159886.04223544238,183728.9057465576,159971.33898180997,183305.43993489924,230.39813209318362,230.39813209318362,230.39813209318362,230.39813209318362,230.39813209318362,230.39813209318362,0.0,0.0,0.0,172096.5618878516
146,2027-05-31,173739.40543389693,161166.1921597717,184901.75164569312,161529.91163043055,185513.0163329102,-343.5651598006521,-343.5651598006521,-343.5651598006521,-343.5651598006521,-343.5651598006521,-343.5651598006521,0.0,0.0,0.0,173395.84027409626
147,2027-06-30,175552.21996112782,162337.3228584347,187567.7471765519,163005.34641426674,187518.38244254404,-416.67750218808516,-416.67750218808516,-416.67750218808516,-416.67750218808516,-416.67750218808516,-416.67750218808516,0.0,0.0,0.0,175135.54245893974
148,2027-07-31,177425.4616392664,165156.7269437615,190980.8259743488,164509.10570379358,189884.07229492915,815.9674739600703,815.9674739600703,815.9674739600703,815.9674739600703,815.9674739600703,815.9674739600703,0.0,0.0,0.0,178241.42911322648
149,2027-08-31,179298.70331740493,165835.0766559064,192021.61641773145,165892.61752053924,191871.93320535056,-203.40526913261513,-203.40526913261513,-203.40526913261513,-203.40526913261513,-203.40526913261513,-203.40526913261513,0.0,0.0,0.0,179095.29804827232
150,2027-09-30,181111.51784463582,167489.0478123512,194633.0154418623,167362.35753736747,194284.2146507134,247.88273773086422,247.88273773086422,247.88273773086422,247.88273773086422,247.88273773086422,247.88273773086422,0.0,0.0,0.0,181359.40058236668
151,2027-10-31,182984.75952277437,168320.84533816602,196036.4321405258,168952.54451845546,196475.67201214796,-565.0743379206294,-565.0743379206294,-565.0743379206294,-565.0743379206294,-565.0743379206294,-565.0743379206294,0.0,0.0,0.0,182419.68518485373
152,2027-11-30,184797.57405000523,169889.03942870206,198019.27801012548,170312.56195930016,198499.54967709197,-542.169686548247,-542.169686548247,-542.169686548247,-542.169686548247,-542.169686548247,-542.169686548247,0.0,0.0,0.0,184255.404363457
153,2027-12-31,186670.81572814382,172622.35743452405,201445.6046465942,171712.43487003606,200854.38469941806,724.9628334201415,724.9628334201415,724.9628334201415,724.9628334201415,724.9628334201415,724.9628334201415,0.0,0.0,0.0,187395.77856156396
